{
    "Big Spider": 5.625,
    "Black Bony": 5.3125,
    "Boom Fly": 2.65625,
    "Carrion Queen": 42.09375,
    "Chub": 4.0625,
    "Clotty": 2.5625,
    "Cod Worm": 2.15625,
    "Conjoined Fatty": 9.125,
    "Conquest": 2.875,
    "Cursed Fatty": 2.34375,
    "Cursed Gaper": 4.612903225806452,
    "Cursed Horf": 3.21875,
    "Cursed Keeper Head": 4.53125,
    "Cursed Mom's Hand": 4.21875,
    "Cursed Psy Horf": 4.0625,
    "Daddy Long Legs": 9.96875,
    "Dank Globin": 7.96875,
    "Dark One": 8.5,
    "Death": 16.90625,
    "Delirium": 54.28125,
    "Dinga": 3.375,
    "Dip": 2.34375,
    "Dople": 7.75,
    "Envy": 8.3125,
    "Evil Twin": 55.125,
    "Famine": 2.9375,
    "Fat Bat": 25.375,
    "Fatty": 2.21875,
    "Fly": 1.96875,
    "Gemini": 6.46875,
    "Gluttony": 4.28125,
    "Greed": 6.375,
    "Greedling": 7.40625,
    "Gurdy": 14.125,
    "Gurdy Jr.": 9.5625,
    "Hanger": 7.9375,
    "Holy Dinga": 2.875,
    "Holy Dip": 2.28125,
    "Holy Keeper Head": 4.21875,
    "Holy Mom's Eye": 4.0,
    "Holy Squirt": 2.46875,
    "Hopper": 3.0625,
    "Horf": 3.03125,
    "Keeper Head": 3.9375,
    "Larry Jr.": 6.0,
    "Leaper": 4.3125,
    "Leech": 4.15625,
    "Little Horn": 21.0625,
    "Lust": 3.90625,
    "Mask Of Infamy": 28.875,
    "Mega Fatty": 2.90625,
    "Mom!": 61.375,
    "Mom's Dead Hand": 8.34375,
    "Mom's Eye": 3.5483870967741935,
    "Mom's Hand": 3.21875,
    "Monstro": 11.46875,
    "Mulliboom": 1.84375,
    "Mulligan": 2.21875,
    "Pale Fatty": 3.5625,
    "Peep": 6.71875,
    "Pestilence": 8.8125,
    "Pin": 6.5,
    "Pooter": 2.5,
    "Portal": 3.75,
    "Pride": 4.375,
    "Psy Horf": 3.09375,
    "Rag Man": 4.46875,
    "Rage Creep": 2.90625,
    "Red Host": 4.59375,
    "Ring Of Flies": 3.03125,
    "Satan!": 144.6875,
    "Scolex": 23.09375,
    "Sloth": 5.75,
    "Spider": 2.5625,
    "Squirt": 2.78125,
    "The Bloat": 45.625,
    "The Haunt": 7.9375,
    "The Lamb": 25.25,
    "Trite": 3.5,
    "War": 4.375,
    "Wizoob": 17.3125,
    "Wrath": 3.4375,
    "Death's Head": 1.0
}